{"train/energy_forces_within_threshold": 0.0, "train/energy_mae": 1.3084204108626754, "train/forcesx_mae": 0.2632317844732308, "train/forcesy_mae": 0.26284640453479907, "train/forcesz_mae": 0.29897052152657216, "train/forces_mae": 0.2750162332636829, "train/forces_cosine_similarity": 0.6869754808920401, "train/forces_magnitude_error": 0.3097348389802156, "train/loss": 6.821222400665283, "train/lr": 2.0062693827620647e-05, "train/epoch": 15.0, "train/step": 165, "_timestamp": 1715687194.746044, "_runtime": 267.904736995697, "_step": 165, "_wandb": {"runtime": 267}}